cycle,range_bin,doppler_bin,output_hex
1039185000,0,0,0079ff28
1039195000,0,1,ffb70162
1039205000,0,2,0160fe94
1039215000,0,3,ffec018d
1039225000,0,4,fce2ff49
1039235000,0,5,04bc00ba
1039245000,0,6,fd190095
1039255000,0,7,00c5fde4
1039265000,0,8,ff2700e6
1039275000,0,9,01f50088
1039285000,0,10,fdebfe16
1039295000,0,11,018b046a
1039305000,0,12,ff25fc78
1039315000,0,13,005f009e
1039325000,0,14,0022feec
1039335000,0,15,00040178
1039345000,0,16,008bff32
1039355000,0,17,fec50166
1039365000,0,18,00c0fee2
1039375000,0,19,fffc007b
1039385000,0,20,ffdaffaf
1039395000,0,21,ffbcff6e
1039405000,0,22,009bffa9
1039415000,0,23,fe250042
1039425000,0,24,02c50214
1039435000,0,25,fec7fe3c
1039445000,0,26,00310040
1039455000,0,27,0039fff2
1039465000,0,28,ff5fffec
1039475000,0,29,ffc1001e
1039485000,0,30,01deff3a
1039495000,0,31,fd7600ae
1044575000,1,0,ff4b01a0
1044585000,1,1,012cff50
1044595000,1,2,00dd006e
1044605000,1,3,ff1a0098
1044615000,1,4,ff76ff9f
1044625000,1,5,01acff0f
1044635000,1,6,fe410044
1044645000,1,7,0029012e
1044655000,1,8,ffd4fe99
1044665000,1,9,00820162
1044675000,1,10,0048fe42
1044685000,1,11,ffaf0316
1044695000,1,12,003ffd75
1044705000,1,13,ff1aff0e
1044715000,1,14,016c0259
1044725000,1,15,000bfe94
1044735000,1,16,fe6d006e
1044745000,1,17,012c008c
1044755000,1,18,ff2dff8e
1044765000,1,19,008e009c
1044775000,1,20,fe20ffb3
1044785000,1,21,02faff81
1044795000,1,22,ff1b0136
1044805000,1,23,fe4dfcf0
1044815000,1,24,040003c5
1044825000,1,25,fc86febe
1044835000,1,26,01c2ff82
1044845000,1,27,ff010016
1044855000,1,28,002f007d
1044865000,1,29,0058ff16
1044875000,1,30,00e400cd
1044885000,1,31,fe5ffe2e
1049965000,2,0,003aff8c
1049975000,2,1,0044003b
1049985000,2,2,010b003d
1049995000,2,3,ff06001e
1050005000,2,4,fe39ffd4
1050015000,2,5,02be0202
1050025000,2,6,fee5fe38
1050035000,2,7,00c7001e
1050045000,2,8,fdca001b
1050055000,2,9,023e009a
1050065000,2,10,007dfe1b
1050075000,2,11,fe800193
1050085000,2,12,00c8ffe2
1050095000,2,13,fe91fe5c
1050105000,2,14,0227018d
1050115000,2,15,ff23fff7
1050125000,2,16,fec60064
1050135000,2,17,0258fe83
1050145000,2,18,fda301b1
1050155000,2,19,013eff1a
1050165000,2,20,003fff16
1050175000,2,21,fe24015e
1050185000,2,22,01b7ffc2
1050195000,2,23,ff27ff94
1050205000,2,24,011e00fd
1050215000,2,25,ff76fe84
1050225000,2,26,006d0143
1050235000,2,27,ff2cfe0d
1050245000,2,28,00f803dc
1050255000,2,29,fe15fd20
1050265000,2,30,027500bd
1050275000,2,31,fe37ff87
1055355000,3,0,0066ffac
1055365000,3,1,00d8ffd6
1055375000,3,2,ff16010e
1055385000,3,3,013dffa2
1055395000,3,4,fce2ffa0
1055405000,3,5,03aa01ec
1055415000,3,6,fe59fdbb
1055425000,3,7,009100da
1055435000,3,8,ff62011f
1055445000,3,9,0063fe6b
1055455000,3,10,ffd4007d
1055465000,3,11,ffde0024
1055475000,3,12,0080ffba
1055485000,3,13,ff32fe3b
1055495000,3,14,01500202
1055505000,3,15,fe9d00f2
1055515000,3,16,0286ff02
1055525000,3,17,fc86004e
1055535000,3,18,01e6ff7e
1055545000,3,19,fffffff0
1055555000,3,20,ff5cff98
1055565000,3,21,ffd0ff5c
1055575000,3,22,000f023b
1055585000,3,23,0017fe86
1055595000,3,24,018a01ab
1055605000,3,25,fe47fe89
1055615000,3,26,019cff5f
1055625000,3,27,feca025e
1055635000,3,28,0012fd76
1055645000,3,29,0074008d
1055655000,3,30,ffd40160
1055665000,3,31,ff0ffed2
1060745000,4,0,ff4400d7
1060755000,4,1,01610017
1060765000,4,2,004ffe9d
1060775000,4,3,feef0259
1060785000,4,4,fecdff22
1060795000,4,5,0440ff38
1060805000,4,6,fd330097
1060815000,4,7,ff4c004a
1060825000,4,8,00d4ff88
1060835000,4,9,000a000a
1060845000,4,10,ff060072
1060855000,4,11,00b200c3
1060865000,4,12,005bfdd7
1060875000,4,13,ff8300c2
1060885000,4,14,00e200ad
1060895000,4,15,005eff6d
1060905000,4,16,ff6a00cb
1060915000,4,17,feed0015
1060925000,4,18,0045fe49
1060935000,4,19,00b9018b
1060945000,4,20,ff0fffec
1060955000,4,21,ffd2ff3e
1060965000,4,22,01eb016d
1060975000,4,23,fce6fe76
1060985000,4,24,057a02ce
1060995000,4,25,fb70fc5a
1061005000,4,26,01fe0150
1061015000,4,27,ff72003d
1061025000,4,28,ff1dff83
1061035000,4,29,02130108
1061045000,4,30,feb8ff97
1061055000,4,31,ff94fecf
1066135000,5,0,00a602a3
1066145000,5,1,fe9d0008
1066155000,5,2,0181feef
1066165000,5,3,000100bd
1066175000,5,4,feb400b8
1066185000,5,5,01b2ff9d
1066195000,5,6,ff3ffe9d
1066205000,5,7,ffe90193
1066215000,5,8,ff1cfe74
1066225000,5,9,00b201bf
1066235000,5,10,fff8ff23
1066245000,5,11,01700181
1066255000,5,12,fe45fd3b
1066265000,5,13,002701c6
1066275000,5,14,0182fea6
1066285000,5,15,fe2700bb
1066295000,5,16,0232ff89
1066305000,5,17,fe430152
1066315000,5,18,feffffad
1066325000,5,19,01d3ff31
1066335000,5,20,fe5400be
1066345000,5,21,00f4fed7
1066355000,5,22,ff8500dd
1066365000,5,23,00a700c9
1066375000,5,24,018cfe74
1066385000,5,25,fe0e011b
1066395000,5,26,000800ad
1066405000,5,27,00f4fdc5
1066415000,5,28,ff2301eb
1066425000,5,29,0063fea2
1066435000,5,30,ff9a0244
1066445000,5,31,fff1fc25
1071525000,6,0,009d01d3
1071535000,6,1,0061ff85
1071545000,6,2,feaefec1
1071555000,6,3,021c009d
1071565000,6,4,fd7a0041
1071575000,6,5,02c1005b
1071585000,6,6,fe280115
1071595000,6,7,0066fc4c
1071605000,6,8,003d03f9
1071615000,6,9,ffdbfe69
1071625000,6,10,0010fe91
1071635000,6,11,ffa101d9
1071645000,6,12,0014fed8
1071655000,6,13,00d700b3
1071665000,6,14,ff94fff2
1071675000,6,15,ff36ffbb
1071685000,6,16,01610035
1071695000,6,17,fff9ff49
1071705000,6,18,fe960195
1071715000,6,19,0020ff51
1071725000,6,20,0082ff25
1071735000,6,21,ffc50081
1071745000,6,22,ff6cff99
1071755000,6,23,00c0008c
1071765000,6,24,00a5ff87
1071775000,6,25,ff7302dd
1071785000,6,26,00a4fbe9
1071795000,6,27,ff33030d
1071805000,6,28,0128fefa
1071815000,6,29,fde3fec5
1071825000,6,30,01980070
1071835000,6,31,fedcff91
1076915000,7,0,ffc902e2
1076925000,7,1,0075ff8a
1076935000,7,2,fff1ff09
1076945000,7,3,ff8900a5
1076955000,7,4,003900b3
1076965000,7,5,024dff76
1076975000,7,6,fe79ffaf
1076985000,7,7,ff79011f
1076995000,7,8,0040ff1c
1077005000,7,9,fe90004a
1077015000,7,10,01defed2
1077025000,7,11,011f018f
1077035000,7,12,fd38fdfc
1077045000,7,13,02660141
1077055000,7,14,fe1b004a
1077065000,7,15,0108ff35
1077075000,7,16,ff49ffca
1077085000,7,17,005f0134
1077095000,7,18,0003ffd7
1077105000,7,19,ff65ff9b
1077115000,7,20,0055ff45
1077125000,7,21,009901dc
1077135000,7,22,feaffdbb
1077145000,7,23,00910197
1077155000,7,24,0092fef8
1077165000,7,25,ff2c01b4
1077175000,7,26,013eff6e
1077185000,7,27,fe6bfed9
1077195000,7,28,019e0234
1077205000,7,29,ff6cfd59
1077215000,7,30,00d50354
1077225000,7,31,febefbb5
1082305000,8,0,011d019c
1082315000,8,1,0057fe8a
1082325000,8,2,002d0090
1082335000,8,3,fe9dffca
1082345000,8,4,ffea00ba
1082355000,8,5,02bdffa7
1082365000,8,6,fc7f00d7
1082375000,8,7,01eafef7
1082385000,8,8,00f5ffde
1082395000,8,9,fe3e009d
1082405000,8,10,009efe86
1082415000,8,11,ff4e03f4
1082425000,8,12,0128fbe1
1082435000,8,13,fdf2014e
1082445000,8,14,02270026
1082455000,8,15,ff79ff0e
1082465000,8,16,00050132
1082475000,8,17,017500ae
1082485000,8,18,fcf9fe94
1082495000,8,19,01d50088
1082505000,8,20,ff70004c
1082515000,8,21,ff81ffb5
1082525000,8,22,004bff97
1082535000,8,23,ff34ff69
1082545000,8,24,030d0264
1082555000,8,25,fe2eff6f
1082565000,8,26,ffa4fed2
1082575000,8,27,01a0ff56
1082585000,8,28,fe720189
1082595000,8,29,0060ff12
1082605000,8,30,007f0120
1082615000,8,31,fe51fe46
1087695000,9,0,017b004a
1087705000,9,1,ff97ffc1
1087715000,9,2,003d00a1
1087725000,9,3,0060ff3c
1087735000,9,4,fe14ffa4
1087745000,9,5,024b01ef
1087755000,9,6,fe3aff62
1087765000,9,7,01b4005e
1087775000,9,8,fddcfeb5
1087785000,9,9,036c00f4
1087795000,9,10,fd9dfefa
1087805000,9,11,fe4c00e9
1087815000,9,12,0362ff6c
1087825000,9,13,fe1b0034
1087835000,9,14,fff2ff71
1087845000,9,15,017b016c
1087855000,9,16,ff15ffc4
1087865000,9,17,00f9ff77
1087875000,9,18,fd930043
1087885000,9,19,0134ff8c
1087895000,9,20,013600b8
1087905000,9,21,fdc9feb1
1087915000,9,22,022c0102
1087925000,9,23,fee4ff6a
1087935000,9,24,00200171
1087945000,9,25,00e4fec0
1087955000,9,26,ff3b011a
1087965000,9,27,ff88fe9f
1087975000,9,28,01580024
1087985000,9,29,ff490050
1087995000,9,30,00e00063
1088005000,9,31,fdbdff1c
1093085000,10,0,0183ffbd
1093095000,10,1,ffd300a2
1093105000,10,2,ff3fffb2
1093115000,10,3,ffc0ff14
1093125000,10,4,ffd800ab
1093135000,10,5,0113023c
1093145000,10,6,ff88fda0
1093155000,10,7,00ae0111
1093165000,10,8,fed8fff4
1093175000,10,9,0120ffe5
1093185000,10,10,ff84fe6f
1093195000,10,11,fe23032d
1093205000,10,12,03c1fcc7
1093215000,10,13,fd1100c8
1093225000,10,14,0249ffe1
1093235000,10,15,ff34013d
1093245000,10,16,fecdff0b
1093255000,10,17,01870042
1093265000,10,18,fcc300ee
1093275000,10,19,02bcfe46
1093285000,10,20,ffe40199
1093295000,10,21,fff5fea8
1093305000,10,22,004e0124
1093315000,10,23,ff50fe69
1093325000,10,24,ffe40218
1093335000,10,25,00e6fe57
1093345000,10,26,ff0e0139
1093355000,10,27,ffd1fe31
1093365000,10,28,015701f1
1093375000,10,29,ff17ff94
1093385000,10,30,006d0023
1093395000,10,31,feceff51
1098475000,11,0,019bfebf
1098485000,11,1,005c039e
1098495000,11,2,ff29fc8f
1098505000,11,3,006601c2
1098515000,11,4,fe5cffb3
1098525000,11,5,032f0207
1098535000,11,6,fe9ffe05
1098545000,11,7,ff10ffe0
1098555000,11,8,01100085
1098565000,11,9,ff1d00a2
1098575000,11,10,00c3fe36
1098585000,11,11,ff3001f8
1098595000,11,12,010dfe7f
1098605000,11,13,00040015
1098615000,11,14,ff0700b1
1098625000,11,15,01c7ff2f
1098635000,11,16,fe1300ed
1098645000,11,17,ffc4016c
1098655000,11,18,00c1fd1b
1098665000,11,19,00ba0150
1098675000,11,20,004e0063
1098685000,11,21,fe4bfe4f
1098695000,11,22,0163023b
1098705000,11,23,fe4cfd88
1098715000,11,24,01be032f
1098725000,11,25,ffaffcc8
1098735000,11,26,ff830298
1098745000,11,27,00acfe16
1098755000,11,28,001500f3
1098765000,11,29,ffb60011
1098775000,11,30,00cf006f
1098785000,11,31,fd71fe99
1103865000,12,0,005d00bf
1103875000,12,1,ff9aff50
1103885000,12,2,0029003c
1103895000,12,3,008c00d4
1103905000,12,4,fde200a9
1103915000,12,5,03d3ff1b
1103925000,12,6,fddb0038
1103935000,12,7,00140067
1103945000,12,8,ff56fed3
1103955000,12,9,009e0152
1103965000,12,10,0036fd05
1103975000,12,11,fffc053c
1103985000,12,12,ffc9fb19
1103995000,12,13,012700fc
1104005000,12,14,feac026d
1104015000,12,15,00f3fd68
1104025000,12,16,ffc301bb
1104035000,12,17,ff6affe8
1104045000,12,18,ff5fff22
1104055000,12,19,0076ffe2
1104065000,12,20,0162ff91
1104075000,12,21,fe1b000f
1104085000,12,22,018901d6
1104095000,12,23,fe8efec3
1104105000,12,24,01fe004f
1104115000,12,25,fea6ff92
1104125000,12,26,ffda0079
1104135000,12,27,ff960026
1104145000,12,28,01d7ff21
1104155000,12,29,feeb005e
1104165000,12,30,003000e9
1104175000,12,31,ff5ffe66
1109255000,13,0,fde6009b
1109265000,13,1,031fff55
1109275000,13,2,fdb3ffa6
1109285000,13,3,017500e2
1109295000,13,4,fd3c00dd
1109305000,13,5,0553fde7
1109315000,13,6,fd8401fd
1109325000,13,7,feddfe17
1109335000,13,8,0117020d
1109345000,13,9,ff5afe1d
1109355000,13,10,006d0028
1109365000,13,11,ff3f024e
1109375000,13,12,0088fd73
1109385000,13,13,ffd3007e
1109395000,13,14,00bafffe
1109405000,13,15,ffcaffb2
1109415000,13,16,009800f3
1109425000,13,17,ff0dff31
1109435000,13,18,ff35004a
1109445000,13,19,00a9009e
1109455000,13,20,ff86fef7
1109465000,13,21,001500e7
1109475000,13,22,00eafef1
1109485000,13,23,fe0f013b
1109495000,13,24,036b00b5
1109505000,13,25,fd4efefd
1109515000,13,26,00e7fee4
1109525000,13,27,000f008a
1109535000,13,28,ffd60149
1109545000,13,29,0019feb4
1109555000,13,30,00cc0118
1109565000,13,31,ff66ff24
1114645000,14,0,fe2a0023
1114655000,14,1,02390082
1114665000,14,2,ffa2ffbd
1114675000,14,3,ffc90095
1114685000,14,4,feb3fffb
1114695000,14,5,0334ffb9
1114705000,14,6,fd870025
1114715000,14,7,feca001f
1114725000,14,8,01bfff9a
1114735000,14,9,01020077
1114745000,14,10,fee5fe8b
1114755000,14,11,006302de
1114765000,14,12,0108fe81
1114775000,14,13,fdeafe09
1114785000,14,14,01980155
1114795000,14,15,ff73ff81
1114805000,14,16,ff18010b
1114815000,14,17,01950024
1114825000,14,18,fe4afeb3
1114835000,14,19,00990137
1114845000,14,20,ff7ffff1
1114855000,14,21,0028ff27
1114865000,14,22,01c10149
1114875000,14,23,fe08fd3b
1114885000,14,24,01ef02a0
1114895000,14,25,fd10ff0b
1114905000,14,26,02c7006d
1114915000,14,27,fe77008a
1114925000,14,28,000effab
1114935000,14,29,003aff77
1114945000,14,30,004000a5
1114955000,14,31,002fff19
1120035000,15,0,fe90fee4
1120045000,15,1,00f50023
1120055000,15,2,00e7ffcd
1120065000,15,3,ff5cfe08
1120075000,15,4,fe9c0300
1120085000,15,5,02bdff2a
1120095000,15,6,fd65ff71
1120105000,15,7,01430185
1120115000,15,8,ffb0feb1
1120125000,15,9,0039017c
1120135000,15,10,ff10fd63
1120145000,15,11,ffed0228
1120155000,15,12,01f6feec
1120165000,15,13,fed3fffa
1120175000,15,14,00390010
1120185000,15,15,00aa0057
1120195000,15,16,fe5c000c
1120205000,15,17,0127ff0f
1120215000,15,18,ff510237
1120225000,15,19,fecefe12
1120235000,15,20,01ac01b6
1120245000,15,21,ff71fe90
1120255000,15,22,0085ffab
1120265000,15,23,00510163
1120275000,15,24,002000a3
1120285000,15,25,fef7fdda
1120295000,15,26,01ec0125
1120305000,15,27,fe41fed6
1120315000,15,28,009e01aa
1120325000,15,29,fe6bfe74
1120335000,15,30,02c100d8
1120345000,15,31,ff0200d9
1125425000,16,0,fff30004
1125435000,16,1,00ca00b7
1125445000,16,2,0009feb4
1125455000,16,3,ff4000a9
1125465000,16,4,fe9e0020
1125475000,16,5,04150180
1125485000,16,6,fd0ffed4
1125495000,16,7,001a0054
1125505000,16,8,0082ffe2
1125515000,16,9,ff89ffba
1125525000,16,10,016efea3
1125535000,16,11,ff24043b
1125545000,16,12,0093fb12
1125555000,16,13,ffa90197
1125565000,16,14,ff61009b
1125575000,16,15,0185fed5
1125585000,16,16,fdd10224
1125595000,16,17,024eff07
1125605000,16,18,fe53ff0e
1125615000,16,19,feea00f7
1125625000,16,20,0222febc
1125635000,16,21,ff790094
1125645000,16,22,ffe70166
1125655000,16,23,febafdcc
1125665000,16,24,039e0306
1125675000,16,25,fc6bfda0
1125685000,16,26,015e006b
1125695000,16,27,ffceff25
1125705000,16,28,ffd100da
1125715000,16,29,ffb50035
1125725000,16,30,01290153
1125735000,16,31,fee3fe43
1130815000,17,0,0200ff9a
1130825000,17,1,00f50030
1130835000,17,2,fda1ff30
1130845000,17,3,021c00e6
1130855000,17,4,fd11ffbf
1130865000,17,5,04220072
1130875000,17,6,fcd50137
1130885000,17,7,01e6fe11
1130895000,17,8,fe40002d
1130905000,17,9,00f201fa
1130915000,17,10,0075fcea
1130925000,17,11,fe6302f5
1130935000,17,12,0119fdd5
1130945000,17,13,003f0097
1130955000,17,14,0078003c
1130965000,17,15,fef8fe72
1130975000,17,16,011e02b0
1130985000,17,17,ff31feb4
1130995000,17,18,fec50050
1131005000,17,19,008a00d0
1131015000,17,20,013dfea9
1131025000,17,21,feeeffe4
1131035000,17,22,00a300ed
1131045000,17,23,ffb6fed3
1131055000,17,24,02020215
1131065000,17,25,fd70fe26
1131075000,17,26,01610086
1131085000,17,27,fe9fffd9
1131095000,17,28,00c9003f
1131105000,17,29,0041ff47
1131115000,17,30,01a401b8
1131125000,17,31,fc4cfede
1136205000,18,0,01feffd8
1136215000,18,1,fe580006
1136225000,18,2,0212ffaf
1136235000,18,3,fd92fff2
1136245000,18,4,001b01a5
1136255000,18,5,03a9ff63
1136265000,18,6,fc54ffdd
1136275000,18,7,027bfff4
1136285000,18,8,fdb2ff40
1136295000,18,9,016401d1
1136305000,18,10,ffbbfd9a
1136315000,18,11,005401d6
1136325000,18,12,fedaff9c
1136335000,18,13,00dbfe89
1136345000,18,14,00f7014a
1136355000,18,15,fee70001
1136365000,18,16,0026ffbe
1136375000,18,17,00e00160
1136385000,18,18,fe10fe53
1136395000,18,19,00e80100
1136405000,18,20,ffbdfe8d
1136415000,18,21,00bb0005
1136425000,18,22,ffbc022b
1136435000,18,23,ff4ffe10
1136445000,18,24,027a009a
1136455000,18,25,fd34009d
1136465000,18,26,0173ffdc
1136475000,18,27,fec2feb4
1136485000,18,28,00a600f2
1136495000,18,29,00d100b3
1136505000,18,30,00e1fe86
1136515000,18,31,fcff0087
1141595000,19,0,0021012c
1141605000,19,1,00c3ff4d
1141615000,19,2,ff92ff4e
1141625000,19,3,004d02b4
1141635000,19,4,ff26fd47
1141645000,19,5,0200027b
1141655000,19,6,feeefe4f
1141665000,19,7,007f0012
1141675000,19,8,fe9b0188
1141685000,19,9,002afe1b
1141695000,19,10,009a00eb
1141705000,19,11,017800d1
1141715000,19,12,fcdcfd6d
1141725000,19,13,01d4017f
1141735000,19,14,016ffed1
1141745000,19,15,fea50245
1141755000,19,16,feeffeac
1141765000,19,17,01350191
1141775000,19,18,ffe0fe58
1141785000,19,19,ff730066
1141795000,19,20,000effc7
1141805000,19,21,00d2ff13
1141815000,19,22,ff78022f
1141825000,19,23,fea3fd26
1141835000,19,24,02d903b8
1141845000,19,25,fdbefd37
1141855000,19,26,018800ff
1141865000,19,27,fed8000d
1141875000,19,28,0134001d
1141885000,19,29,ffa2ffe3
1141895000,19,30,001fff91
1141905000,19,31,feb1ff4b
1146985000,20,0,00c702ad
1146995000,20,1,00b1fea2
1147005000,20,2,fe9cfeff
1147015000,20,3,015e02a2
1147025000,20,4,fddbff96
1147035000,20,5,03deff90
1147045000,20,6,fd47ff73
1147055000,20,7,010100cb
1147065000,20,8,fea8ff1e
1147075000,20,9,008600e2
1147085000,20,10,00c9fee5
1147095000,20,11,fe510118
1147105000,20,12,017dff12
1147115000,20,13,ffea0038
1147125000,20,14,fff70049
1147135000,20,15,0099ffda
1147145000,20,16,fee500d3
1147155000,20,17,01330092
1147165000,20,18,fd56fd95
1147175000,20,19,01da0150
1147185000,20,20,00b9ff58
1147195000,20,21,fe0affe2
1147205000,20,22,01ad0203
1147215000,20,23,fe4ffde7
1147225000,20,24,035c0186
1147235000,20,25,fd5eff7e
1147245000,20,26,00ad000b
1147255000,20,27,ff67fee6
1147265000,20,28,00ff00cc
1147275000,20,29,0046012a
1147285000,20,30,ffadfecd
1147295000,20,31,fe87fe1c
1152375000,21,0,ffc300b9
1152385000,21,1,00fcff58
1152395000,21,2,fe8bfff4
1152405000,21,3,019a0111
1152415000,21,4,fdba009e
1152425000,21,5,019bfe54
1152435000,21,6,00a1011a
1152445000,21,7,ff71ffd8
1152455000,21,8,ff3cfecb
1152465000,21,9,00cf019c
1152475000,21,10,0050fdd8
1152485000,21,11,fec203a7
1152495000,21,12,00c0fc22
1152505000,21,13,ff18015d
1152515000,21,14,0184ff7e
1152525000,21,15,ff8e0185
1152535000,21,16,0061ff33
1152545000,21,17,0034ffb4
1152555000,21,18,fd310118
1152565000,21,19,02e4ff41
1152575000,21,20,feecfee6
1152585000,21,21,fee7004c
1152595000,21,22,013300b2
1152605000,21,23,ffbb00c8
1152615000,21,24,00b4ff85
1152625000,21,25,ffe10020
1152635000,21,26,00100030
1152645000,21,27,ff70fe5b
1152655000,21,28,01260296
1152665000,21,29,fee6fd33
1152675000,21,30,ff7c020a
1152685000,21,31,00a6feaf
1157765000,22,0,feb9feda
1157775000,22,1,0284fee4
1157785000,22,2,fd9101ba
1157795000,22,3,0140ff07
1157805000,22,4,feaaff8d
1157815000,22,5,01aa0133
1157825000,22,6,00b7001f
1157835000,22,7,ff8cffa1
1157845000,22,8,fe18002d
1157855000,22,9,01f2ff5a
1157865000,22,10,ff0cffed
1157875000,22,11,ffd5000b
1157885000,22,12,ff22ffe0
1157895000,22,13,022201cc
1157905000,22,14,fee9fca2
1157915000,22,15,00900305
1157925000,22,16,0057fef2
1157935000,22,17,fe68fef8
1157945000,22,18,01ab0232
1157955000,22,19,fd58fe15
1157965000,22,20,03700191
1157975000,22,21,fc9cff3b
1157985000,22,22,020dff4d
1157995000,22,23,ff360081
1158005000,22,24,010c00eb
1158015000,22,25,ffaeffba
1158025000,22,26,ff54ff7f
1158035000,22,27,00fb0091
1158045000,22,28,0010ff9e
1158055000,22,29,ff74ff8e
1158065000,22,30,0087ff5a
1158075000,22,31,ff8e0229
1163155000,23,0,010c0176
1163165000,23,1,fed0fd98
1163175000,23,2,000f02a3
1163185000,23,3,0013fed5
1163195000,23,4,0007ffd3
1163205000,23,5,00a401c4
1163215000,23,6,ff4afe87
1163225000,23,7,00a6017e
1163235000,23,8,fe9dfd45
1163245000,23,9,01e20281
1163255000,23,10,fdf9fdcf
1163265000,23,11,01660363
1163275000,23,12,008efdd5
1163285000,23,13,fe9dffaa
1163295000,23,14,0251feb4
1163305000,23,15,fe09029d
1163315000,23,16,003afec8
1163325000,23,17,00e8ff64
1163335000,23,18,fdb5021d
1163345000,23,19,0123fef3
1163355000,23,20,0095fe83
1163365000,23,21,ff3c01b2
1163375000,23,22,00ce001b
1163385000,23,23,004eff2e
1163395000,23,24,ffd1ffc5
1163405000,23,25,ffce0087
1163415000,23,26,ff970175
1163425000,23,27,001cfc65
1163435000,23,28,00020315
1163445000,23,29,005bfd94
1163455000,23,30,ff73035e
1163465000,23,31,fffbfd2f
1168545000,24,0,ff080061
1168555000,24,1,016c0044
1168565000,24,2,ff200089
1168575000,24,3,ff94ff96
1168585000,24,4,fde80107
1168595000,24,5,05f0ff96
1168605000,24,6,fbd5ff9b
1168615000,24,7,018d0048
1168625000,24,8,ff38fed7
1168635000,24,9,ffaa014d
1168645000,24,10,0071fd2b
1168655000,24,11,00b20543
1168665000,24,12,ff11fb4f
1168675000,24,13,006c01e6
1168685000,24,14,ffb8ffda
1168695000,24,15,0022fef7
1168705000,24,16,ffdc01c9
1168715000,24,17,0102fe20
1168725000,24,18,feb20161
1168735000,24,19,ffdaffb8
1168745000,24,20,0040ffeb
1168755000,24,21,fffcff36
1168765000,24,22,ffc70177
1168775000,24,23,fec9fdc6
1168785000,24,24,03380313
1168795000,24,25,ff44fe63
1168805000,24,26,fe7900df
1168815000,24,27,0128ff07
1168825000,24,28,ff430033
1168835000,24,29,ff5c00ba
1168845000,24,30,01a0ffb8
1168855000,24,31,ffb0fec3
1173935000,25,0,0250005a
1173945000,25,1,ffda006f
1173955000,25,2,ff1cff1f
1173965000,25,3,0095ffe9
1173975000,25,4,ff7801b3
1173985000,25,5,0112feb0
1173995000,25,6,fe97ff59
1174005000,25,7,01bb01c1
1174015000,25,8,fdb9fed6
1174025000,25,9,010000dc
1174035000,25,10,ffd7ff30
1174045000,25,11,feeb0224
1174055000,25,12,02eafc3a
1174065000,25,13,fe210267
1174075000,25,14,0123ff0a
1174085000,25,15,ffeeffdd
1174095000,25,16,fea001c4
1174105000,25,17,004efe83
1174115000,25,18,ff8601b1
1174125000,25,19,0043fe51
1174135000,25,20,014e00db
1174145000,25,21,fe92ff7c
1174155000,25,22,01370041
1174165000,25,23,fe6fff95
1174175000,25,24,02af0140
1174185000,25,25,ff44fe7e
1174195000,25,26,feff0204
1174205000,25,27,ffb1fcee
1174215000,25,28,01a801c4
1174225000,25,29,fe270141
1174235000,25,30,0237fdc8
1174245000,25,31,fccc0031
1179325000,26,0,ff6efe91
1179335000,26,1,005b023e
1179345000,26,2,00d0fe4c
1179355000,26,3,ffdd00f1
1179365000,26,4,fe7cffeb
1179375000,26,5,023e0090
1179385000,26,6,fef7ffd7
1179395000,26,7,ffd0ff2c
1179405000,26,8,008b0004
1179415000,26,9,ff660203
1179425000,26,10,00f3fd41
1179435000,26,11,fe6a0307
1179445000,26,12,01a1fc51
1179455000,26,13,ffca0224
1179465000,26,14,ff00fe6c
1179475000,26,15,01e30250
1179485000,26,16,fe44feef
1179495000,26,17,016f0086
1179505000,26,18,fe64fed2
1179515000,26,19,001b0201
1179525000,26,20,00d2fd15
1179535000,26,21,ff060160
1179545000,26,22,026100cf
1179555000,26,23,fdd6fd94
1179565000,26,24,0077037c
1179575000,26,25,ff80fd19
1179585000,26,26,0149017d
1179595000,26,27,ffb6ff87
1179605000,26,28,fe5501e7
1179615000,26,29,01fafd14
1179625000,26,30,0050008a
1179635000,26,31,fe9700b8
1184715000,27,0,021a00fd
1184725000,27,1,ffa50108
1184735000,27,2,fef8ff26
1184745000,27,3,01070155
1184755000,27,4,ffc4fffe
1184765000,27,5,0146ff7a
1184775000,27,6,fe5cffea
1184785000,27,7,0000ffaa
1184795000,27,8,0083fed9
1184805000,27,9,00a30246
1184815000,27,10,fee8fe48
1184825000,27,11,0133008c
1184835000,27,12,fead0006
1184845000,27,13,0205001f
1184855000,27,14,fd800022
1184865000,27,15,00faff9c
1184875000,27,16,ff1effe3
1184885000,27,17,024f00d8
1184895000,27,18,fd4efe60
1184905000,27,19,00d301cf
1184915000,27,20,00cafe12
1184925000,27,21,fe0e0184
1184935000,27,22,037affcc
1184945000,27,23,fdaa008a
1184955000,27,24,ff39ffcf
1184965000,27,25,011dff5a
1184975000,27,26,006e016e
1184985000,27,27,ff6bfe10
1184995000,27,28,006101aa
1185005000,27,29,ff73febb
1185015000,27,30,02be0234
1185025000,27,31,fc24fc88
1190105000,28,0,01b6ff79
1190115000,28,1,fe830024
1190125000,28,2,0150007c
1190135000,28,3,0072fffc
1190145000,28,4,fd410043
1190155000,28,5,04aaffe0
1190165000,28,6,fd2800f0
1190175000,28,7,ffbdfea2
1190185000,28,8,002b0047
1190195000,28,9,00020079
1190205000,28,10,ffc6fd8d
1190215000,28,11,01b205e7
1190225000,28,12,fe95fa62
1190235000,28,13,0113014a
1190245000,28,14,ff150109
1190255000,28,15,0053ff60
1190265000,28,16,00b6fffb
1190275000,28,17,ffe5ffe2
1190285000,28,18,fdc8000c
1190295000,28,19,01de0056
1190305000,28,20,ff63feaf
1190315000,28,21,000001d8
1190325000,28,22,0044ffbe
1190335000,28,23,ff05ff2e
1190345000,28,24,02e900c5
1190355000,28,25,fd96ff55
1190365000,28,26,00c6ff93
1190375000,28,27,ff2e00e7
1190385000,28,28,013fff2c
1190395000,28,29,fec30122
1190405000,28,30,01a3ffb1
1190415000,28,31,fd7bffa8
1195495000,29,0,00b1fdd1
1195505000,29,1,00170243
1195515000,29,2,fef8fe80
1195525000,29,3,01060167
1195535000,29,4,fead00d6
1195545000,29,5,02d5fe61
1195555000,29,6,fe3b00db
1195565000,29,7,ff5cff0f
1195575000,29,8,01a20164
1195585000,29,9,fdfdfe0d
1195595000,29,10,01bd00a8
1195605000,29,11,fe8e01f9
1195615000,29,12,00d6fe0d
1195625000,29,13,002eff39
1195635000,29,14,00580227
1195645000,29,15,ffe6fdbd
1195655000,29,16,ff9b023d
1195665000,29,17,0101fee3
1195675000,29,18,fd2a00cc
1195685000,29,19,0240ff03
1195695000,29,20,ff05ff3c
1195705000,29,21,0037014f
1195715000,29,22,0045fff7
1195725000,29,23,ffb20003
1195735000,29,24,024aff86
1195745000,29,25,fdbb009d
1195755000,29,26,ffb5ffa0
1195765000,29,27,00d80115
1195775000,29,28,0050fd69
1195785000,29,29,ff060257
1195795000,29,30,0154ff03
1195805000,29,31,fe800099
1200885000,30,0,ff05ff60
1200895000,30,1,008bff94
1200905000,30,2,00420131
1200915000,30,3,ff3fff55
1200925000,30,4,ffde0190
1200935000,30,5,0270fdfb
1200945000,30,6,fe7301a1
1200955000,30,7,ff28fe30
1200965000,30,8,01840113
1200975000,30,9,ffe800c4
1200985000,30,10,ff4cfd82
1200995000,30,11,ff6c0242
1201005000,30,12,ffedfefd
1201015000,30,13,01f2ff24
1201025000,30,14,fe3b011b
1201035000,30,15,016bff98
1201045000,30,16,0047ffee
1201055000,30,17,fe9b008e
1201065000,30,18,0084ff67
1201075000,30,19,fde700cb
1201085000,30,20,01cafe82
1201095000,30,21,fe2600a5
1201105000,30,22,03ab00e9
1201115000,30,23,fde2fedc
1201125000,30,24,ffe400db
1201135000,30,25,ffbaffe2
1201145000,30,26,0096ff62
1201155000,30,27,00b2014e
1201165000,30,28,fec7009d
1201175000,30,29,0158fdf4
1201185000,30,30,fe4f0007
1201195000,30,31,013f011c
1206275000,31,0,ff45fe2d
1206285000,31,1,02810156
1206295000,31,2,fce00074
1206305000,31,3,01b4ff4e
1206315000,31,4,0034007f
1206325000,31,5,ff83ffd4
1206335000,31,6,0001001b
1206345000,31,7,00e70066
1206355000,31,8,fee7fe47
1206365000,31,9,017401c0
1206375000,31,10,fdb8ff9c
1206385000,31,11,010a0076
1206395000,31,12,0074fee1
1206405000,31,13,00ca000b
1206415000,31,14,fe9affea
1206425000,31,15,007600e0
1206435000,31,16,00ebfe5f
1206445000,31,17,fe7f012a
1206455000,31,18,00a401de
1206465000,31,19,0034fcc8
1206475000,31,20,ff0601f3
1206485000,31,21,00abfedc
1206495000,31,22,002700a3
1206505000,31,23,ff63ff2c
1206515000,31,24,00010029
1206525000,31,25,ffa80108
1206535000,31,26,0310ffbe
1206545000,31,27,fd560030
1206555000,31,28,010a0021
1206565000,31,29,fe2cfec5
1206575000,31,30,0182000c
1206585000,31,31,ff58013a
1211665000,32,0,ff9e00c2
1211675000,32,1,006afeb2
1211685000,32,2,019100ea
1211695000,32,3,fe74007a
1211705000,32,4,ff29fe8c
1211715000,32,5,01b10286
1211725000,32,6,fe38fe61
1211735000,32,7,01b50045
1211745000,32,8,fe21feeb
1211755000,32,9,021601d0
1211765000,32,10,febafd49
1211775000,32,11,ffa30453
1211785000,32,12,00c0fdf9
1211795000,32,13,ff49fdff
1211805000,32,14,011102ff
1211815000,32,15,ff7efd79
1211825000,32,16,0074023a
1211835000,32,17,fe74ff9c
1211845000,32,18,0245ff14
1211855000,32,19,fea60158
1211865000,32,20,ffcfff72
1211875000,32,21,0045ff10
1211885000,32,22,006effcd
1211895000,32,23,fdf300bf
1211905000,32,24,04b5026d
1211915000,32,25,fcbcfdc6
1211925000,32,26,0180ff39
1211935000,32,27,fe9b00d7
1211945000,32,28,01480005
1211955000,32,29,ff01fe3f
1211965000,32,30,00e10253
1211975000,32,31,ff02fe7f
1217055000,33,0,00570153
1217065000,33,1,00590093
1217075000,33,2,ffc5fef0
1217085000,33,3,00860142
1217095000,33,4,fea4001f
1217105000,33,5,0232ff11
1217115000,33,6,fe02ff08
1217125000,33,7,015e0269
1217135000,33,8,fe92fe98
1217145000,33,9,011b0054
1217155000,33,10,ffbbfe2b
1217165000,33,11,ffab0358
1217175000,33,12,fff8fe1a
1217185000,33,13,ff9dfeb4
1217195000,33,14,0158022e
1217205000,33,15,ffddff34
1217215000,33,16,fecb00a7
1217225000,33,17,00a30031
1217235000,33,18,ff9dff0e
1217245000,33,19,00180020
1217255000,33,20,fed40065
1217265000,33,21,0248ff7d
1217275000,33,22,ffc80118
1217285000,33,23,fec8fde5
1217295000,33,24,0170031a
1217305000,33,25,fdf1fe54
1217315000,33,26,022b0033
1217325000,33,27,ff1300f2
1217335000,33,28,00a4fde6
1217345000,33,29,ffa90122
1217355000,33,30,00de0056
1217365000,33,31,fe59fdd2
1222445000,34,0,01ecfe6e
1222455000,34,1,fef6024c
1222465000,34,2,014cfdd0
1222475000,34,3,feb901cb
1222485000,34,4,ff30fe94
1222495000,34,5,02660259
1222505000,34,6,fec7ff1d
1222515000,34,7,0045ff69
1222525000,34,8,ff790070
1222535000,34,9,ffaeffac
1222545000,34,10,01c8ff72
1222555000,34,11,fdf70041
1222565000,34,12,008b008c
1222575000,34,13,00b8fdbe
1222585000,34,14,fe9c039a
1222595000,34,15,022dfe4e
1222605000,34,16,fd86000e
1222615000,34,17,01a60066
1222625000,34,18,feea002c
1222635000,34,19,00a5ffef
1222645000,34,20,ffd6fe8c
1222655000,34,21,ffc60121
1222665000,34,22,fff50105
1222675000,34,23,000bfdc1
1222685000,34,24,017d02f8
1222695000,34,25,ff42fec2
1222705000,34,26,ff2eff3e
1222715000,34,27,00c3ffd5
1222725000,34,28,00270090
1222735000,34,29,ff180070
1222745000,34,30,02bc0058
1222755000,34,31,fc83ff10
1227835000,35,0,ff1e01a5
1227845000,35,1,0101ff49
1227855000,35,2,ffad0079
1227865000,35,3,005d009c
1227875000,35,4,febafeab
1227885000,35,5,027b01c0
1227895000,35,6,fe58ff54
1227905000,35,7,00b8ff5f
1227915000,35,8,fdda010f
1227925000,35,9,029dff4e
1227935000,35,10,fddcffb9
1227945000,35,11,02520107
1227955000,35,12,fe4afea3
1227965000,35,13,00c5febc
1227975000,35,14,004002d3
1227985000,35,15,feeeff09
1227995000,35,16,0182ffdb
1228005000,35,17,fd510087
1228015000,35,18,017f00cd
1228025000,35,19,fffdfeb4
1228035000,35,20,0058fee7
1228045000,35,21,000f019e
1228055000,35,22,ffd60042
1228065000,35,23,feccff43
1228075000,35,24,029effe1
1228085000,35,25,fdb9024a
1228095000,35,26,00dcfc39
1228105000,35,27,fff402d9
1228115000,35,28,00dcff13
1228125000,35,29,ff61ffe6
1228135000,35,30,006e0187
1228145000,35,31,ff86fcdd
1233225000,36,0,ffe201ed
1233235000,36,1,0142ff06
1233245000,36,2,ff6dff32
1233255000,36,3,001c02a3
1233265000,36,4,fea7fea6
1233275000,36,5,04030009
1233285000,36,6,fd0b0018
1233295000,36,7,005d000c
1233305000,36,8,ffa5ff6e
1233315000,36,9,00070037
1233325000,36,10,0097ffff
1233335000,36,11,ff3600bb
1233345000,36,12,00bbfebb
1233355000,36,13,ff7e0046
1233365000,36,14,00a2003a
1233375000,36,15,ffc5001a
1233385000,36,16,ffb000c3
1233395000,36,17,0102ff96
1233405000,36,18,fdf5ffbc
1233415000,36,19,00e80083
1233425000,36,20,00b5fed6
1233435000,36,21,ff5bff9b
1233445000,36,22,004f0246
1233455000,36,23,fdcbfdaa
1233465000,36,24,052902de
1233475000,36,25,fbcdfea5
1233485000,36,26,00ebffef
1233495000,36,27,00eaff7f
1233505000,36,28,ff39ffed
1233515000,36,29,017c00ee
1233525000,36,30,ff90ffbc
1233535000,36,31,fe5ffe30
1238615000,37,0,01f60177
1238625000,37,1,fea9000b
1238635000,37,2,0231ff16
1238645000,37,3,fdd700d0
1238655000,37,4,000c0120
1238665000,37,5,0245fefa
1238675000,37,6,fcaefeea
1238685000,37,7,02b501e7
1238695000,37,8,fdd2fe49
1238705000,37,9,00f300da
1238715000,37,10,fff0fe92
1238725000,37,11,0099033c
1238735000,37,12,ffdcfe2c
1238745000,37,13,ff87fe2c
1238755000,37,14,011002df
1238765000,37,15,ff92fe73
1238775000,37,16,fef8ffa7
1238785000,37,17,004300ad
1238795000,37,18,ff65001a
1238805000,37,19,010f0090
1238815000,37,20,ffacff1c
1238825000,37,21,0059ffc0
1238835000,37,22,ff4c00f2
1238845000,37,23,ffb9ffa1
1238855000,37,24,01d800d5
1238865000,37,25,fe65ff1e
1238875000,37,26,0112ffde
1238885000,37,27,003d00b0
1238895000,37,28,ff44ff84
1238905000,37,29,004fff02
1238915000,37,30,ff3e02cd
1238925000,37,31,ff3cfcd1
1244005000,38,0,ff3f0257
1244015000,38,1,018dfd81
1244025000,38,2,fe81017f
1244035000,38,3,00cf0097
1244045000,38,4,ff43fe35
1244055000,38,5,005301b8
1244065000,38,6,009c00e5
1244075000,38,7,fef0fd90
1244085000,38,8,0147020f
1244095000,38,9,0041fec1
1244105000,38,10,feb1ffc2
1244115000,38,11,ffef008a
1244125000,38,12,fffbffac
1244135000,38,13,00820060
1244145000,38,14,ff33fee1
1244155000,38,15,01990209
1244165000,38,16,00b7feb9
1244175000,38,17,fdd500d3
1244185000,38,18,002fff47
1244195000,38,19,fff5010b
1244205000,38,20,016ffe09
1244215000,38,21,fdc9016e
1244225000,38,22,0166ff97
1244235000,38,23,ffa4ffae
1244245000,38,24,017b0081
1244255000,38,25,fe890183
1244265000,38,26,ffdbfd5c
1244275000,38,27,012d01bc
1244285000,38,28,ff0bffb6
1244295000,38,29,01cefe42
1244305000,38,30,fdbf028f
1244315000,38,31,00bbfd61
1249395000,39,0,00e6008f
1249405000,39,1,fdf8ffae
1249415000,39,2,02d5fed5
1249425000,39,3,fd31019b
1249435000,39,4,00d9ff9d
1249445000,39,5,020f0051
1249455000,39,6,fd0f0022
1249465000,39,7,02030098
1249475000,39,8,fec0fe6b
1249485000,39,9,ffcd0199
1249495000,39,10,00e1fd72
1249505000,39,11,01680332
1249515000,39,12,fe22fdbd
1249525000,39,13,003affe6
1249535000,39,14,009d0096
1249545000,39,15,ffbf0091
1249555000,39,16,ffa8ff1f
1249565000,39,17,ffca0074
1249575000,39,18,000bffa3
1249585000,39,19,ff8f00e1
1249595000,39,20,00f3ff2f
1249605000,39,21,ff2ffee9
1249615000,39,22,0039037c
1249625000,39,23,00ddfd56
1249635000,39,24,00320123
1249645000,39,25,fee5fee9
1249655000,39,26,ffdf00b6
1249665000,39,27,0180ff3e
1249675000,39,28,fd7a006b
1249685000,39,29,027c001c
1249695000,39,30,fec3019c
1249705000,39,31,0021fe15
1254785000,40,0,00560128
1254795000,40,1,ffb4feee
1254805000,40,2,01a700dc
1254815000,40,3,ff73ff54
1254825000,40,4,fcee0275
1254835000,40,5,05cefcd1
1254845000,40,6,fc2601bb
1254855000,40,7,0013ff04
1254865000,40,8,00d0ffea
1254875000,40,9,fe900181
1254885000,40,10,0291fd43
1254895000,40,11,fe0d042c
1254905000,40,12,00a7fd18
1254915000,40,13,ff54ff7d
1254925000,40,14,00c600b1
1254935000,40,15,00260026
1254945000,40,16,ff7a0022
1254955000,40,17,ffdcff86
1254965000,40,18,00c30198
1254975000,40,19,feabff26
1254985000,40,20,00caff2b
1254995000,40,21,ff3c0119
1255005000,40,22,00a8febb
1255015000,40,23,fef100a6
1255025000,40,24,02b00188
1255035000,40,25,fe54ff67
1255045000,40,26,0015fe81
1255055000,40,27,01210112
1255065000,40,28,fe61ffd4
1255075000,40,29,017e0015
1255085000,40,30,ff6c0009
1255095000,40,31,ff1afef0
1260175000,41,0,02d200df
1260185000,41,1,fe3bffdf
1260195000,41,2,005bff37
1260205000,41,3,0081ffb1
1260215000,41,4,fea501a2
1260225000,41,5,028f0067
1260235000,41,6,fdfdffe3
1260245000,41,7,0115febd
1260255000,41,8,ffadffad
1260265000,41,9,00290295
1260275000,41,10,fff7fc76
1260285000,41,11,fe29031d
1260295000,41,12,0222fd63
1260305000,41,13,0048011d
1260315000,41,14,fdeb0058
1260325000,41,15,025cfefe
1260335000,41,16,ff1801bb
1260345000,41,17,0117ff67
1260355000,41,18,fd75ff31
1260365000,41,19,016f00c5
1260375000,41,20,ffd1ff42
1260385000,41,21,fef3ff47
1260395000,41,22,023501b7
1260405000,41,23,fdd3ff77
1260415000,41,24,01710075
1260425000,41,25,ff95fff5
1260435000,41,26,0139fece
1260445000,41,27,fe070045
1260455000,41,28,015000fd
1260465000,41,29,ff5eff5d
1260475000,41,30,016300a2
1260485000,41,31,fcf4febe
1265565000,42,0,02a40140
1265575000,42,1,fd98ff0c
1265585000,42,2,0137fff0
1265595000,42,3,00ce003e
1265605000,42,4,fec6002a
1265615000,42,5,017900dc
1265625000,42,6,fec2ff18
1265635000,42,7,00bcfff0
1265645000,42,8,fe1bff8f
1265655000,42,9,024b012c
1265665000,42,10,febafefa
1265675000,42,11,00510141
1265685000,42,12,00eafdbd
1265695000,42,13,fef30151
1265705000,42,14,010e008a
1265715000,42,15,ff2dff86
1265725000,42,16,fff4ff00
1265735000,42,17,01440128
1265745000,42,18,fcad001c
1265755000,42,19,02a6ff44
1265765000,42,20,fe84ffde
1265775000,42,21,00010038
1265785000,42,22,02dc0146
1265795000,42,23,fd84fed0
1265805000,42,24,003500f5
1265815000,42,25,00d9ff0c
1265825000,42,26,ff7a00ce
1265835000,42,27,ff97fdc9
1265845000,42,28,011402c7
1265855000,42,29,febbff0f
1265865000,42,30,01ecffc4
1265875000,42,31,fd2fff7e
1270955000,43,0,015d01cf
1270965000,43,1,001f00a0
1270975000,43,2,ff77fe95
1270985000,43,3,00ea0027
1270995000,43,4,fe1e0116
1271005000,43,5,029300b0
1271015000,43,6,fed7ff18
1271025000,43,7,fe07ff61
1271035000,43,8,031b0155
1271045000,43,9,fe82ff4d
1271055000,43,10,00fdff60
1271065000,43,11,fec20104
1271075000,43,12,0047fd73
1271085000,43,13,0171022d
1271095000,43,14,fd91009e
1271105000,43,15,024cff70
1271115000,43,16,fe7f0009
1271125000,43,17,0135008a
1271135000,43,18,fe47fdff
1271145000,43,19,01f4017d
1271155000,43,20,fdd2fed2
1271165000,43,21,014f00fc
1271175000,43,22,00c7001e
1271185000,43,23,febd0041
1271195000,43,24,0045ffeb
1271205000,43,25,003efeb5
1271215000,43,26,009d00cc
1271225000,43,27,fe3c0090
1271235000,43,28,0265ffa5
1271245000,43,29,fdf10003
1271255000,43,30,022100b4
1271265000,43,31,fd3cfd4e
1276345000,44,0,02e5ff80
1276355000,44,1,fe8b0037
1276365000,44,2,01210020
1276375000,44,3,ff12ffb6
1276385000,44,4,ff240093
1276395000,44,5,0378ff5e
1276405000,44,6,fe64019f
1276415000,44,7,fef3fd28
1276425000,44,8,007102b4
1276435000,44,9,ffefff4c
1276445000,44,10,00b3feae
1276455000,44,11,ffff0382
1276465000,44,12,ff3cfc01
1276475000,44,13,02160121
1276485000,44,14,fd4e0041
1276495000,44,15,01a8ff54
1276505000,44,16,ffbb00aa
1276515000,44,17,0039fff1
1276525000,44,18,fdfbff56
1276535000,44,19,01e000cc
1276545000,44,20,002aff25
1276555000,44,21,ff0800ca
1276565000,44,22,00b401eb
1276575000,44,23,ff1bfc30
1276585000,44,24,009f02a2
1276595000,44,25,ff7dff1c
1276605000,44,26,00fdfe4c
1276615000,44,27,ff070244
1276625000,44,28,00ceff37
1276635000,44,29,ff8a0057
1276645000,44,30,01960035
1276655000,44,31,fc32fffc
1281735000,45,0,0072ff7d
1281745000,45,1,00d00117
1281755000,45,2,ff5dfdce
1281765000,45,3,00db01e1
1281775000,45,4,fdf5ff98
1281785000,45,5,035100b6
1281795000,45,6,fdee0124
1281805000,45,7,003ffcc1
1281815000,45,8,004301ed
1281825000,45,9,01080090
1281835000,45,10,fd97fdb5
1281845000,45,11,013a0225
1281855000,45,12,ff21fdd9
1281865000,45,13,020d0202
1281875000,45,14,fec4feb7
1281885000,45,15,00030124
1281895000,45,16,01aefefd
1281905000,45,17,fea4003f
1281915000,45,18,fecf0112
1281925000,45,19,ffd9fee7
1281935000,45,20,011fffe2
1281945000,45,21,fff9ff40
1281955000,45,22,007c0224
1281965000,45,23,ff07fda1
1281975000,45,24,00c10259
1281985000,45,25,ff24ff82
1281995000,45,26,0185fe17
1282005000,45,27,fe6e024f
1282015000,45,28,016fffed
1282025000,45,29,fef9fe18
1282035000,45,30,01520105
1282045000,45,31,fddb0016
1287125000,46,0,008affde
1287135000,46,1,0047ff1f
1287145000,46,2,005d00db
1287155000,46,3,ff0eff9e
1287165000,46,4,007400e4
1287175000,46,5,008cff58
1287185000,46,6,ffbd017c
1287195000,46,7,fe8cfd73
1287205000,46,8,02210103
1287215000,46,9,002900dc
1287225000,46,10,ff29fdb5
1287235000,46,11,fe7501fb
1287245000,46,12,01fbff87
1287255000,46,13,fed0ffab
1287265000,46,14,011f004a
1287275000,46,15,ff2fff9c
1287285000,46,16,008c0064
1287295000,46,17,0203ffaf
1287305000,46,18,fb49000f
1287315000,46,19,037e00f2
1287325000,46,20,fce0fe2e
1287335000,46,21,0222007a
1287345000,46,22,ff7d0180
1287355000,46,23,009cfe95
1287365000,46,24,ffa500c3
1287375000,46,25,ffb9003a
1287385000,46,26,0195ff81
1287395000,46,27,febf00c5
1287405000,46,28,ffd5ff6f
1287415000,46,29,0066ff4f
1287425000,46,30,fff3002a
1287435000,46,31,ff2900bc
1292515000,47,0,0088ff0a
1292525000,47,1,01420054
1292535000,47,2,ff26ffe5
1292545000,47,3,002f004c
1292555000,47,4,fe89fe6c
1292565000,47,5,019201d7
1292575000,47,6,ff9cfec8
1292585000,47,7,ff9901c3
1292595000,47,8,0033fe8e
1292605000,47,9,0063015e
1292615000,47,10,ff66fdba
1292625000,47,11,ff6001e3
1292635000,47,12,0126fedf
1292645000,47,13,fff7ffb4
1292655000,47,14,ffee009a
1292665000,47,15,00c90180
1292675000,47,16,fe7cfe90
1292685000,47,17,00bcfe96
1292695000,47,18,fdb00263
1292705000,47,19,02a5ffa4
1292715000,47,20,ff77ff76
1292725000,47,21,fed2007f
1292735000,47,22,017cff4c
1292745000,47,23,fff1005b
1292755000,47,24,fff901d4
1292765000,47,25,005ffcf8
1292775000,47,26,ff780262
1292785000,47,27,004cfda1
1292795000,47,28,0072027b
1292805000,47,29,fde5fe4e
1292815000,47,30,027effd6
1292825000,47,31,fe2d0136
1297905000,48,0,fee10019
1297915000,48,1,014a00a3
1297925000,48,2,0021ff4b
1297935000,48,3,ffb600dd
1297945000,48,4,fe0fff03
1297955000,48,5,04dd0130
1297965000,48,6,fc8cffa7
1297975000,48,7,ffdeff85
1297985000,48,8,00da0057
1297995000,48,9,feeb0011
1298005000,48,10,0166fea6
1298015000,48,11,fffb0493
1298025000,48,12,001afb34
1298035000,48,13,ff620060
1298045000,48,14,004d015f
1298055000,48,15,0165feef
1298065000,48,16,fddd0147
1298075000,48,17,0128ffef
1298085000,48,18,ff31fe43
1298095000,48,19,ff8001c9
1298105000,48,20,010fffab
1298115000,48,21,ff73fe84
1298125000,48,22,00b80193
1298135000,48,23,fea2fed7
1298145000,48,24,036401e9
1298155000,48,25,fc53fe31
1298165000,48,26,018800f4
1298175000,48,27,ff77ff4b
1298185000,48,28,005c00ae
1298195000,48,29,ff7eff20
1298205000,48,30,010f006f
1298215000,48,31,ff23ffc9
1303295000,49,0,004f0118
1303305000,49,1,01aa0055
1303315000,49,2,fdf0feba
1303325000,49,3,0202025c
1303335000,49,4,fceaff95
1303345000,49,5,0443fe14
1303355000,49,6,fc5501d1
1303365000,49,7,0238fecd
1303375000,49,8,fee9ffd0
1303385000,49,9,ff580046
1303395000,49,10,0296ffb4
1303405000,49,11,fe02021b
1303415000,49,12,0038fe0b
1303425000,49,13,ffaaff81
1303435000,49,14,0095013c
1303445000,49,15,0015ff37
1303455000,49,16,ff3500c8
1303465000,49,17,0152ff27
1303475000,49,18,fea200d0
1303485000,49,19,ffac00aa
1303495000,49,20,016cfe61
1303505000,49,21,fe9d0050
1303515000,49,22,0121006b
1303525000,49,23,ff12ff07
1303535000,49,24,01eb0294
1303545000,49,25,fe0cff22
1303555000,49,26,0138ff3a
1303565000,49,27,ff1c0023
1303575000,49,28,0042003b
1303585000,49,29,00beffa7
1303595000,49,30,008d0030
1303605000,49,31,fe0dfea1
1308685000,50,0,008d01b1
1308695000,50,1,ffdfff92
1308705000,50,2,0126ff8f
1308715000,50,3,fed1fefc
1308725000,50,4,ffc10180
1308735000,50,5,02140046
1308745000,50,6,fd23fec9
1308755000,50,7,020101ae
1308765000,50,8,ff51fe43
1308775000,50,9,ffa40222
1308785000,50,10,000ffe46
1308795000,50,11,00b80095
1308805000,50,12,ffb7feb3
1308815000,50,13,ff3d0059
1308825000,50,14,01d90164
1308835000,50,15,fed2fed8
1308845000,50,16,ffafff1d
1308855000,50,17,0011023c
1308865000,50,18,ff68ffa5
1308875000,50,19,009100e6
1308885000,50,20,fe8ffd64
1308895000,50,21,035e0174
1308905000,50,22,fe8ffff3
1308915000,50,23,fe5dff04
1308925000,50,24,02f301cf
1308935000,50,25,fdc8fe80
1308945000,50,26,00830212
1308955000,50,27,0066fd11
1308965000,50,28,ffb902b9
1308975000,50,29,0075fde5
1308985000,50,30,00a501c4
1308995000,50,31,fe40fde6
1314075000,51,0,ffc2ff0c
1314085000,51,1,016a00b2
1314095000,51,2,feadffe0
1314105000,51,3,016f01fa
1314115000,51,4,fda2fde4
1314125000,51,5,032c01ad
1314135000,51,6,ff29fedb
1314145000,51,7,ff7dffdb
1314155000,51,8,ff0c00d4
1314165000,51,9,00a3ff2c
1314175000,51,10,ff8a0024
1314185000,51,11,0195000f
1314195000,51,12,fe630009
1314205000,51,13,00d8ff40
1314215000,51,14,00b70008
1314225000,51,15,ff34018d
1314235000,51,16,ff68fe6c
1314245000,51,17,004c02b8
1314255000,51,18,ffd5fd36
1314265000,51,19,ffed007e
1314275000,51,20,008000ec
1314285000,51,21,ff82fe53
1314295000,51,22,011b01c5
1314305000,51,23,fdfbfd35
1314315000,51,24,020e0514
1314325000,51,25,feebfc7e
1314335000,51,26,00c8ffe6
1314345000,51,27,ff2f0205
1314355000,51,28,00ffff6f
1314365000,51,29,ff76fe1c
1314375000,51,30,00f901d0
1314385000,51,31,fe64ff27
1319465000,52,0,009c0059
1319475000,52,1,00b901a2
1319485000,52,2,ff31fdd5
1319495000,52,3,00a301ce
1319505000,52,4,fda4ffde
1319515000,52,5,0464ffd5
1319525000,52,6,fd47ff08
1319535000,52,7,00420202
1319545000,52,8,0033fded
1319555000,52,9,004c017f
1319565000,52,10,ff3afee5
1319575000,52,11,00a9010f
1319585000,52,12,0059fe38
1319595000,52,13,feae009b
1319605000,52,14,01420047
1319615000,52,15,ffc3ff91
1319625000,52,16,ffdc01df
1319635000,52,17,01750024
1319645000,52,18,fc41fd8f
1319655000,52,19,02edff7e
1319665000,52,20,ff3a0218
1319675000,52,21,fec8fe77
1319685000,52,22,025f0146
1319695000,52,23,fcf6ff7e
1319705000,52,24,0395017b
1319715000,52,25,fde6feab
1319725000,52,26,0088009b
1319735000,52,27,0033fe39
1319745000,52,28,ff690132
1319755000,52,29,008e00b1
1319765000,52,30,0044fff7
1319775000,52,31,fe91fe63
1324855000,53,0,ff2d03bc
1324865000,53,1,004ffc83
1324875000,53,2,00100160
1324885000,53,3,007100d9
1324895000,53,4,fee8012e
1324905000,53,5,0178fe55
1324915000,53,6,ff81ffb0
1324925000,53,7,ffa3fffd
1324935000,53,8,ffe90068
1324945000,53,9,0078ffaf
1324955000,53,10,ff0eff8d
1324965000,53,11,00f203ed
1324975000,53,12,004bfa6d
1324985000,53,13,ff59029e
1324995000,53,14,0124ffd7
1325005000,53,15,fe72ff7b
1325015000,53,16,01ab000c
1325025000,53,17,fe7b009f
1325035000,53,18,0068006a
1325045000,53,19,0033ff1b
1325055000,53,20,ff7aff94
1325065000,53,21,000cfff9
1325075000,53,22,00730058
1325085000,53,23,ff0b012d
1325095000,53,24,00fffef8
1325105000,53,25,0082001b
1325115000,53,26,ff7effad
1325125000,53,27,008e00eb
1325135000,53,28,ff0300a9
1325145000,53,29,00bffd28
1325155000,53,30,fe64023d
1325165000,53,31,016cfd6f
1330245000,54,0,003efeb0
1330255000,54,1,01050005
1330265000,54,2,ffc1ffee
1330275000,54,3,ff48ffd0
1330285000,54,4,00d4020f
1330295000,54,5,00a4fe09
1330305000,54,6,ff43005c
1330315000,54,7,001dff9f
1330325000,54,8,ff2200c6
1330335000,54,9,0147ffb3
1330345000,54,10,fec10069
1330355000,54,11,000e007a
1330365000,54,12,013dfe02
1330375000,54,13,fed70142
1330385000,54,14,00c70007
1330395000,54,15,005cff04
1330405000,54,16,fe78019a
1330415000,54,17,01f9feb9
1330425000,54,18,fe2302c8
1330435000,54,19,010cfcf2
1330445000,54,20,ff500143
1330455000,54,21,ffd8ff5d
1330465000,54,22,0115ff12
1330475000,54,23,ff55024b
1330485000,54,24,0128ffb4
1330495000,54,25,fee3ff33
1330505000,54,26,00f3ff9d
1330515000,54,27,fef60134
1330525000,54,28,00afff38
1330535000,54,29,fef50024
1330545000,54,30,03b9fe1f
1330555000,54,31,fbea0292
1335635000,55,0,ffd3011a
1335645000,55,1,ffc80073
1335655000,55,2,ff5eff49
1335665000,55,3,00c80249
1335675000,55,4,ffa2fdf0
1335685000,55,5,00f30114
1335695000,55,6,0010ff3d
1335705000,55,7,fe21003d
1335715000,55,8,014affa6
1335725000,55,9,fffeffec
1335735000,55,10,ffb7fede
1335745000,55,11,013303c3
1335755000,55,12,fda9fc51
1335765000,55,13,02b801a1
1335775000,55,14,fd8dfdbf
1335785000,55,15,013f02cd
1335795000,55,16,ffc5ff1e
1335805000,55,17,003cfef3
1335815000,55,18,ff3c0249
1335825000,55,19,0030ff33
1335835000,55,20,ffecfe18
1335845000,55,21,ffb3008c
1335855000,55,22,00580207
1335865000,55,23,fff9fd59
1335875000,55,24,0102025e
1335885000,55,25,fee60056
1335895000,55,26,ffc3ffd0
1335905000,55,27,019dfe51
1335915000,55,28,fecd0143
1335925000,55,29,00cafe57
1335935000,55,30,fe6f0315
1335945000,55,31,016ffc9d
1341025000,56,0,ff7d0104
1341035000,56,1,019a004b
1341045000,56,2,fea2ff48
1341055000,56,3,00a9ffed
1341065000,56,4,fdce003b
1341075000,56,5,0570008e
1341085000,56,6,fb8bff99
1341095000,56,7,015000f8
1341105000,56,8,ff78fe90
1341115000,56,9,ffa400ef
1341125000,56,10,002efe3e
1341135000,56,11,00580511
1341145000,56,12,00b4fa5d
1341155000,56,13,00090213
1341165000,56,14,0044ffac
1341175000,56,15,ffa6ff6d
1341185000,56,16,fefd019e
1341195000,56,17,0152ff75
1341205000,56,18,fea0ff7c
1341215000,56,19,007900eb
1341225000,56,20,003eff05
1341235000,56,21,ffca0056
1341245000,56,22,00a90079
1341255000,56,23,fe36fd34
1341265000,56,24,034e03b6
1341275000,56,25,feb0fedd
1341285000,56,26,ff38fffe
1341295000,56,27,fff2fecb
1341305000,56,28,005000f3
1341315000,56,29,ff65fffd
1341325000,56,30,0180ffba
1341335000,56,31,fe90ff43
1346415000,57,0,036101c6
1346425000,57,1,fdb9fef7
1346435000,57,2,ff96fe66
1346445000,57,3,02ef0184
1346455000,57,4,fcc4ffa9
1346465000,57,5,02230189
1346475000,57,6,fd59fedd
1346485000,57,7,03c00056
1346495000,57,8,fcddff6c
1346505000,57,9,02ab0126
1346515000,57,10,fddffe30
1346525000,57,11,ff1a027c
1346535000,57,12,0212fd1e
1346545000,57,13,ffe101cf
1346555000,57,14,ff88000b
1346565000,57,15,0021ff0f
1346575000,57,16,013b015a
1346585000,57,17,fed3ff85
1346595000,57,18,ff1a003c
1346605000,57,19,018bff72
1346615000,57,20,fe8aff5f
1346625000,57,21,008d00a7
1346635000,57,22,013b003d
1346645000,57,23,fdbeff60
1346655000,57,24,02df0174
1346665000,57,25,feb1ffb6
1346675000,57,26,0089ff06
1346685000,57,27,ff58feee
1346695000,57,28,003001aa
1346705000,57,29,ffdfff91
1346715000,57,30,0104ff73
1346725000,57,31,fcfdffb3
1351805000,58,0,005f00d6
1351815000,58,1,004600f6
1351825000,58,2,ff88fe47
1351835000,58,3,015fff5f
1351845000,58,4,fd7c01e1
1351855000,58,5,0294ffb4
1351865000,58,6,fe49003c
1351875000,58,7,00bbfec6
1351885000,58,8,00ae00cd
1351895000,58,9,fe0601f6
1351905000,58,10,024afbd5
1351915000,58,11,fd1704a1
1351925000,58,12,02e8fc97
1351935000,58,13,ffdb0036
1351945000,58,14,ff4500b0
1351955000,58,15,01140093
1351965000,58,16,fe8ffec6
1351975000,58,17,007400ea
1351985000,58,18,fe88ffe5
1351995000,58,19,016d0049
1352005000,58,20,ff96fed5
1352015000,58,21,01040122
1352025000,58,22,fff5ff8a
1352035000,58,23,fe9dff68
1352045000,58,24,0178012f
1352055000,58,25,feb0ff52
1352065000,58,26,014a001b
1352075000,58,27,ff31fea3
1352085000,58,28,00aa037b
1352095000,58,29,fefdfc8c
1352105000,58,30,00c1010e
1352115000,58,31,ff00ff93
1357195000,59,0,00f60000
1357205000,59,1,002eff72
1357215000,59,2,ffdfffb5
1357225000,59,3,00510232
1357235000,59,4,fd5ffe6a
1357245000,59,5,048a0157
1357255000,59,6,fd05ff7d
1357265000,59,7,00a7ff48
1357275000,59,8,ffddffda
1357285000,59,9,00b50172
1357295000,59,10,fffafe63
1357305000,59,11,ffc601b8
1357315000,59,12,ff6afef5
1357325000,59,13,0023ffbe
1357335000,59,14,ff4a005d
1357345000,59,15,018eff75
1357355000,59,16,ff44012c
1357365000,59,17,0054fe60
1357375000,59,18,ff690143
1357385000,59,19,01210104
1357395000,59,20,fef7fd64
1357405000,59,21,ffcc0277
1357415000,59,22,00bbffd5
1357425000,59,23,ffcffda4
1357435000,59,24,000102d6
1357445000,59,25,ffcdfd8c
1357455000,59,26,00f20149
1357465000,59,27,fee0feca
1357475000,59,28,00400219
1357485000,59,29,00c3fe74
1357495000,59,30,013a0165
1357505000,59,31,fd14fea7
1362585000,60,0,ffbb0140
1362595000,60,1,003eff5e
1362605000,60,2,ff50003b
1362615000,60,3,023bff44
1362625000,60,4,fcea01d5
1362635000,60,5,04d6fd3d
1362645000,60,6,fbf502ad
1362655000,60,7,0169fe2b
1362665000,60,8,006b0116
1362675000,60,9,feb5ffc0
1362685000,60,10,ff82fed4
1362695000,60,11,02f7043a
1362705000,60,12,fe52fb18
1362715000,60,13,ff670103
1362725000,60,14,00d70098
1362735000,60,15,ffe4ff4b
1362745000,60,16,00b70062
1362755000,60,17,ff4400c8
1362765000,60,18,feecfe8b
1362775000,60,19,001b015a
1362785000,60,20,013cfec7
1362795000,60,21,ff180123
1362805000,60,22,00b9000d
1362815000,60,23,fe47ff3f
1362825000,60,24,02e30088
1362835000,60,25,fdbd00b6
1362845000,60,26,ffe6fe2a
1362855000,60,27,016b00c0
1362865000,60,28,ffa0ffe4
1362875000,60,29,ffc70079
1362885000,60,30,009f0082
1362895000,60,31,ff04fecb
1367975000,61,0,fd46ff5f
1367985000,61,1,035f00ea
1367995000,61,2,fd95ffa5
1368005000,61,3,00590028
1368015000,61,4,ffa40170
1368025000,61,5,026afe70
1368035000,61,6,feb3006a
1368045000,61,7,ffb0ffa0
1368055000,61,8,ff4600cc
1368065000,61,9,01d9ff46
1368075000,61,10,febeff59
1368085000,61,11,fea501d0
1368095000,61,12,02b9fe45
1368105000,61,13,fe4500ac
1368115000,61,14,0046ffc7
1368125000,61,15,0108ff73
1368135000,61,16,ff0c0125
1368145000,61,17,01590052
1368155000,61,18,fdadffa7
1368165000,61,19,0043ff20
1368175000,61,20,017a0020
1368185000,61,21,fd3c0168
1368195000,61,22,02fbfda4
1368205000,61,23,fe92023e
1368215000,61,24,018cff64
1368225000,61,25,ff57ffbe
1368235000,61,26,ff90012b
1368245000,61,27,ff9ffea4
1368255000,61,28,011dffbf
1368265000,61,29,ff1d010c
1368275000,61,30,00940033
1368285000,61,31,00b6ff03
1373365000,62,0,fdee0121
1373375000,62,1,03c1ff70
1373385000,62,2,fc48ff29
1373395000,62,3,03830205
1373405000,62,4,fc75ffd2
1373415000,62,5,03530026
1373425000,62,6,feebff9f
1373435000,62,7,fe3efe9d
1373445000,62,8,01b7005b
1373455000,62,9,ff7700ff
1373465000,62,10,00c3fec2
1373475000,62,11,fe060138
1373485000,62,12,012dff71
1373495000,62,13,00ea00f3
1373505000,62,14,ff17feca
1373515000,62,15,ffa800b2
1373525000,62,16,014cfe21
1373535000,62,17,fea3029e
1373545000,62,18,004afe83
1373555000,62,19,0057012b
1373565000,62,20,febfff38
1373575000,62,21,0023ffb6
1373585000,62,22,01a30067
1373595000,62,23,ffd6007d
1373605000,62,24,fdd7ffa7
1373615000,62,25,026d00d7
1373625000,62,26,0003fe5e
1373635000,62,27,ff7c0188
1373645000,62,28,ffd7ff91
1373655000,62,29,0008fe9d
1373665000,62,30,ffe30254
1373675000,62,31,0058fdb4
1378755000,63,0,ffe4ff51
1378765000,63,1,011e0020
1378775000,63,2,fef3ff68
1378785000,63,3,009100fd
1378795000,63,4,ffeaff80
1378805000,63,5,ff560093
1378815000,63,6,019effce
1378825000,63,7,fea9ff04
1378835000,63,8,00500155
1378845000,63,9,ffbcff0d
1378855000,63,10,ffac005a
1378865000,63,11,001c0066
1378875000,63,12,001bffa8
1378885000,63,13,007cff5f
1378895000,63,14,00b80182
1378905000,63,15,fefcfe8f
1378915000,63,16,fe9a003f
1378925000,63,17,02aeff90
1378935000,63,18,fe7d0320
1378945000,63,19,fff5fd07
1378955000,63,20,ffd40246
1378965000,63,21,00e4fdcf
1378975000,63,22,ff26ffae
1378985000,63,23,0007011c
1378995000,63,24,00ca00a7
1379005000,63,25,012cff8b
1379015000,63,26,ff20ff3e
1379025000,63,27,fe9201ca
1379035000,63,28,02d7feb6
1379045000,63,29,fc26ffdf
1379055000,63,30,03f0feb2
1379065000,63,31,fda001b5
